studio,1
copilot,2
software,1
machineshttpscdndynmediamicrosoftcomisimagemicrosoftcorpcustomerstoryinflectionxresmodesharpopusmwidheiqltfitconstrain,1
release,2
hp,1
about,1
hr,1
your,5
preparation,1
oci,1
devops,1
faq,1
foundational,1
visual,1
block,1
coaching,1
per,1
you,2
events,1
datahttpsgomicrosoftcomfwlinklinkidclcidxazure,1
azure,13
github,2
using,1
devices,1
players,1
exceptional,1
ai,9
sporting,1
distributed,1
it,1
nba,1
community,1
an,1
foundryhttpscdndynmediamicrosoftcomisimagemicrosoftcorpcustomerstoryvodafonexresmodesharpopusmwidheiqltfitconstrain,1
intelligence,1
openai,2
folder,1
driver,3
rely,1
analyze,1
aihttpsgomicrosoftcomfwlinklinkidclcidxazure,1
tfo,1
organizationurlproducts,1
browse,1
access,1
be,1
frequently,1
partnernetwork,1
save,1
industry,1
long,1
see,1
file,1
arc,2
library,1
asked,1
assistanthttpsgomicrosoftcomfwlinklinkidclcidxazure,1
get,2
have,1
share,2
term,1
protect,1
foundryhttpscdndynmediamicrosoftcomisimagemicrosoftcorpcustomerstoryhrblockxresmodesharpopusmwidheiqltfitconstrain,1
serviceshttpscdndynmediamicrosoftcomisimagemicrosoftcorpcustomerstorydicksxresmodesharpopusmwidheiqltfitconstrain,1
wherever,1
innovation,3
a,2
chatbot,1
c,2
brands,1
languages,1
heading,1
more,1
one,1
workload,1
started,1
store,1
right,1
cosmos,1
services,3
the,2
call,1
fast,1
powerful,1
partner,1
partners,2
machine,1
v,1
series,1
to,3
accelerates,1
complete,1
db,1
open,1
inflection,1
kubernetes,3
possibilities,1
featured,1
data,1
questions,1
aks,1
goods,1
akshttpsgomicrosoftcomfwlinklinkidclcidxazure,1
simplifies,1
do,1
secure,1
employee,1
experience,1
photos,1
machineshttpscdndynmediamicrosoftcomisimagemicrosoftcorpcustomerstorynbaxresmodesharpopusmwidheiqltfitconstrain,1
space,2
cloud,4
features,1
that,1
from,2
all,1
keynote,1
development,1
oracle,10
ucp,3
unlock,1
athlete,1
need,1
solutions,2
its,1
tax,2
speedhttpsgomicrosoftcomfwlinklinkidclcidxgithub,1
typeprice,1
enhanced,1
everywhere,1
success,1
safe,1
files,2
amplifies,1
creates,1
boosts,1
organise,1
enterprisehttpscdndynmediamicrosoftcomisimagemicrosoftcorpcustomerstoryhpxresmodesharpopusmwidheiqltfitconstrain,1
virtual,2
embraces,1
for,3
why,1
learning,1
jdbc,4
endless,1
storage,2
content,1
platform,1
servicestorage,1
inclusion,1
can,1
database,3
dicks,1
downloads,3
and,9
of,1
working,1
gb,1
every,1
on,2
tcp,1
overview,1
amount,1
or,1
recover,1
center,1
multiple,1
resources,1
say,1
titles,1
technology,1
any,1
with,6
artificial,1
performance,1
what,1
service,6
infrastructure,2
omnichannel,1
pi,1
infrastructurehttpsgomicrosoftcomfwlinklinkidclcidxazure,1
uses,1
developer,1
time,1
cloudworld,1
significantly,1
vodafone,1
customer,1
applications,1
